loan_ipaddress,payment_ipaddress,,,,,
118.69.155.102,90.127.124.157,,,,,
91.213.33.111,1.84.18.246,,,,,
68.38.96.180,118.58.118.18,,,,,
95.52.194.67,200.210.135.198,,,,,
216.222.219.61,104.85.235.80,,,,,
125.145.80.121,41.3.243.26,,,,,
15.187.134.230,170.13.121.65,,,,,
189.104.16.23,145.49.99.102,,,,,
216.213.241.82,202.210.33.77,,,,,
49.225.164.207,118.79.240.124,,,,,
242.176.81.109,224.154.175.119,,,,,
118.118.203.98,103.211.149.234,,,,,
2.176.112.26,198.172.254.123,,,,,
186.70.49.122,70.93.69.82,,,,,
62.4.145.11,13.237.116.200,,,,,
234.108.185.245,53.244.81.144,,,,,
237.54.30.133,231.225.178.42,,,,,
251.27.203.164,167.125.168.121,,,,,
0.113.188.126,192.12.169.241,,,,,
220.186.65.151,245.191.246.82,,,,,
124.58.169.15,176.208.98.179,,,,,
88.139.127.229,6.238.125.77,,,,,
174.121.183.140,78.23.139.207,,,,,
7.40.132.53,10.188.6.121,,,,,
58.241.102.233,180.32.156.99,,,,,
157.168.133.240,159.152.88.59,,,,,
248.170.133.8,168.128.16.171,,,,,
84.231.168.85,173.143.98.15,,,,,
241.55.126.147,186.156.107.234,,,,,
112.199.13.23,156.131.129.231,,,,,
251.239.220.127,121.115.169.254,,,,,
114.33.47.106,226.254.41.64,,,,,
16.87.105.7,25.99.170.211,,,,,
133.152.188.27,51.199.92.188,,,,,
8.160.36.137,40.64.103.226,,,,,
137.229.255.82,127.97.139.62,,,,,
139.167.89.81,90.146.120.191,,,,,
126.126.135.133,131.8.118.12,,,,,
180.61.67.106,163.254.210.125,,,,,
108.17.98.216,128.9.179.254,,,,,
7.228.49.117,55.40.210.229,,,,,
163.52.177.3,206.222.76.131,,,,,
235.0.23.20,10.117.89.202,,,,,
142.98.13.147,40.140.43.255,,,,,
215.38.201.43,86.115.15.70,,,,,
70.232.128.13,227.247.215.92,,,,,
176.184.160.88,224.17.249.48,,,,,
135.69.196.135,75.204.170.56,,,,,
14.69.182.140,75.178.204.16,,,,,
9.202.150.47,192.10.116.234,,,,,
222.160.155.197,205.73.39.89,,,,,
183.223.189.67,59.13.215.54,,,,,
53.79.164.46,229.49.66.108,,,,,
117.65.21.189,107.45.82.241,,,,,
242.187.69.67,195.237.92.136,,,,,
244.27.248.35,106.70.242.229,,,,,
36.52.3.155,238.112.138.50,,,,,
204.219.144.78,115.62.117.3,,,,,
159.87.34.127,167.249.81.20,,,,,
56.27.149.114,248.45.35.47,,,,,
181.232.156.232,252.31.16.69,,,,,
36.177.36.58,51.172.197.207,,,,,
141.6.126.169,195.172.26.153,,,,,
169.155.164.45,61.142.106.28,,,,,
219.204.197.8,204.176.196.217,,,,,
36.187.247.154,123.45.171.177,,,,,
118.22.153.129,15.35.58.59,,,,,
169.93.57.249,90.95.217.188,,,,,
164.70.98.192,52.84.240.122,,,,,
188.89.243.174,139.5.219.42,,,,,
145.73.230.46,199.43.59.199,,,,,
108.243.178.193,241.251.193.141,,,,,
21.0.13.21,210.184.233.140,,,,,
32.87.56.163,114.143.233.162,,,,,
151.111.97.76,83.34.152.78,,,,,
239.121.48.149,223.54.213.194,,,,,
120.170.37.53,232.248.119.82,,,,,
10.47.220.22,183.241.254.9,,,,,
61.76.9.106,43.236.254.225,,,,,
102.38.42.124,55.197.214.73,,,,,
208.133.107.188,174.80.175.92,,,,,
213.78.17.54,23.190.149.180,,,,,
22.152.71.116,229.175.130.201,,,,,
190.214.216.3,165.210.68.158,,,,,
74.86.146.71,215.218.118.29,,,,,
255.174.188.180,225.82.189.229,,,,,
171.9.3.99,251.16.164.223,,,,,
177.163.200.7,191.250.127.229,,,,,
56.43.194.233,239.97.182.79,,,,,
245.89.208.220,139.177.187.148,,,,,
60.32.162.54,22.97.59.199,,,,,
77.172.0.124,91.177.5.221,,,,,
33.14.253.56,9.4.200.169,,,,,
230.112.171.86,129.254.208.13,,,,,
250.252.44.146,63.46.82.31,,,,,
109.16.140.90,73.55.160.234,,,,,
214.185.251.115,170.192.44.166,,,,,
131.28.204.178,219.133.88.180,,,,,
148.75.190.152,201.237.238.130,,,,,
,,,,,,
,,,,,,
,,,,,,
,,,,,,
,,,,,,
,,,,,,
,,,,,,
,,,,,,
,,,,,,
,,,,,,
,,,,,,
,,,,,,
,,,,,,
,,,,,,
,,,,,,
,,,,,,
,,,,,,
,,,,,,
,,,,,,
,,,,,,
,,,,,,
,,,,,,
,,,,,,
,,,,,,
,,,,,,
,,,,,,
,,,,,,
,,,,,,
,,,,,,
,,,,,,
,,,,,,
,,,,,,
,,,,,,
,,,,,,
,,,,,,
,,,,,,
,,,,,,
,,,,,,
,,,,,,
,,,,,,
,,,,,,
,,,,,,
,,,,,,
,,,,,,
,,,,,,
,,,,,,
,,,,,,
,,,,,,
,,,,,,
,,,,,,
,,,,,,
,,,,,,
,,,,,,
,,,,,,
,,,,,,
,,,,,,
,,,,,,
,,,,,,
,,,,,,
,,,,,,
,,,,,,
,,,,,,
,,,,,,
,,,,,,
,,,,,,
,,,,,,
,,,,,,
,,,,,,
,,,,,,
,,,,,,
,,,,,,
,,,,,,
,,,,,,
,,,,,,
,,,,,,
,,,,,,
,,,,,,
,,,,,,
,,,,,,
,,,,,,
,,,,,,
,,,,,,
,,,,,,
,,,,,,
,,,,,,
,,,,,,
,,,,,,
,,,,,,
,,,,,,
,,,,,,
,,,,,,
,,,,,,
,,,,,,
,,,,,,
,,,,,,
,,,,,,
,,,,,,
,,,,,,
,,,,,,
,,,,,,
,,,,,,